{
  "similarity_traditional": {
    "time_sec": 0.0022144000004118425,
    "avg_similarity": 0.16666666666666666
  },
  "similarity_ai": {
    "time_sec": 5.91125220000049,
    "avg_similarity": 0.2
  },
  "classification_traditional": {
    "time_sec": 2.6100000468431972e-05
  },
  "summarization_traditional": {
    "time_sec": 4.4100000195612665e-05
  },
  "summarization_ai": {
    "time_sec": 1.5273127999998906
  }
}