{
  "similarity_traditional": {
    "time_sec": 0.001957799999672716,
    "avg_similarity": 0.16666666666666666
  },
  "similarity_ai": {
    "time_sec": 5.458331400000134,
    "avg_similarity": 0.19
  },
  "classification_traditional": {
    "time_sec": 2.410000024610781e-05
  },
  "summarization_traditional": {
    "time_sec": 4.330000001573353e-05
  },
  "summarization_ai": {
    "time_sec": 2.572214199999962
  }
}